folder,file,type,name,state
1,00001.png,2,4,1
1,00002.png,2,2,1
1,00003.png,2,4,1
1,00004.png,2,1,1
1,00005.png,2,4,1
1,00006.png,1,4,1
1,00007.png,1,4,1
1,00008.png,3,1,1
1,00009.png,3,1,1
1,00010.png,1,4,1
1,00011.png,2,3,1
1,00012.png,3,2,1
1,00013.png,1,4,1
1,00014.png,3,1,1
1,00015.png,2,5,2
1,00016.png,1,1,1
1,00017.png,2,5,3
1,00018.png,3,1,1
1,00019.png,1,2,1
1,00020.png,0,0,0
1,00021.png,1,4,1
1,00022.png,3,1,1
1,00023.png,3,1,1
1,00024.png,3,3,1
1,00025.png,1,4,1
1,00026.png,2,1,1
1,00027.png,1,4,1
1,00028.png,2,3,1
1,00029.png,2,4,1
1,00030.png,1,4,1
1,00031.png,2,5,3
1,00032.png,2,2,1
1,00033.png,1,3,1
1,00034.png,2,1,1
1,00035.png,2,4,1
1,00036.png,2,5,3
1,00037.png,2,1,1
1,00038.png,3,1,1
1,00039.png,1,2,1
1,00040.png,1,2,1
1,00041.png,1,3,1
1,00042.png,2,5,3
1,00043.png,3,1,1
1,00044.png,1,4,1
1,00045.png,2,4,1
1,00046.png,2,2,1
1,00047.png,3,1,1
1,00048.png,2,6,2
1,00049.png,1,3,1
1,00050.png,1,3,1
1,00051.png,2,2,1
1,00052.png,1,3,1
1,00053.png,1,4,1
1,00054.png,2,2,1
1,00055.png,2,6,3
1,00056.png,3,1,1
1,00057.png,1,4,1
1,00058.png,1,3,1
1,00059.png,3,1,1
1,00060.png,0,0,0
1,00061.png,0,0,0
1,00062.png,3,1,1
1,00063.png,2,2,1
1,00064.png,1,3,1
1,00065.png,2,2,1
1,00066.png,2,2,1
1,00067.png,2,5,2
1,00068.png,0,0,0
1,00069.png,2,5,2
1,00070.png,1,2,1
1,00071.png,2,6,3
1,00072.png,1,1,1
1,00073.png,2,3,1
1,00074.png,1,3,1
1,00075.png,2,4,1
1,00076.png,3,1,1
1,00077.png,2,2,1
1,00078.png,3,1,1
1,00079.png,1,4,1
1,00080.png,1,4,1
1,00081.png,1,2,1
1,00082.png,0,0,0
1,00083.png,1,4,1
1,00084.png,1,4,1
1,00085.png,1,4,1
1,00086.png,2,2,1
1,00087.png,0,0,0
1,00088.png,3,1,1
1,00089.png,1,3,1
1,00090.png,3,1,1
1,00091.png,1,4,1
1,00092.png,3,2,1
1,00093.png,2,5,2
1,00094.png,2,5,3
1,00095.png,1,1,1
1,00096.png,2,1,1
1,00097.png,2,5,2
1,00098.png,2,5,2
1,00099.png,1,4,1
1,00100.png,1,4,1
1,00101.png,2,2,1
1,00102.png,0,0,0
1,00103.png,2,5,2
1,00104.png,1,4,1
1,00105.png,1,4,1
1,00106.png,2,2,1
1,00107.png,3,1,1
1,00108.png,1,4,1
1,00109.png,2,5,2
1,00110.png,2,5,2
1,00111.png,0,0,0
1,00112.png,2,2,1
1,00113.png,1,4,1
1,00114.png,2,3,1
1,00115.png,2,1,1
1,00116.png,1,4,1
1,00117.png,1,4,1
1,00118.png,2,5,2
1,00119.png,1,1,1
1,00120.png,2,5,3
1,00121.png,0,0,0
1,00122.png,3,1,1
1,00123.png,0,0,0
1,00124.png,1,4,1
1,00125.png,2,3,1
1,00126.png,1,3,1
1,00127.png,2,4,1
1,00128.png,3,1,1
1,00129.png,3,2,1
1,00130.png,2,2,1
1,00131.png,1,3,1
1,00132.png,1,3,1
1,00133.png,3,2,1
1,00134.png,3,2,1
1,00135.png,2,5,3
1,00136.png,1,4,1
1,00137.png,1,3,1
1,00138.png,3,2,1
1,00139.png,1,3,1
1,00140.png,2,5,3
1,00141.png,1,4,1
1,00142.png,1,3,1
1,00143.png,3,1,1
1,00144.png,3,1,1
1,00145.png,2,5,3
1,00146.png,1,4,1
1,00147.png,1,3,1
1,00148.png,1,2,1
1,00149.png,1,2,1
1,00150.png,3,1,1
1,00151.png,3,1,1
1,00152.png,2,2,1
1,00153.png,0,0,0
1,00154.png,2,2,1
1,00155.png,1,3,1
1,00156.png,2,1,1
1,00157.png,3,1,1
1,00158.png,1,4,1
1,00159.png,2,4,1
1,00160.png,2,1,1
1,00161.png,0,0,0
1,00162.png,3,2,1
1,00163.png,3,2,1
1,00164.png,3,1,1
1,00165.png,0,0,0
1,00166.png,3,2,1
1,00167.png,1,3,1
1,00168.png,0,0,0
1,00169.png,1,3,1
1,00170.png,1,3,1
1,00171.png,3,1,1
1,00172.png,3,1,1
1,00173.png,0,0,0
1,00174.png,1,3,1
1,00175.png,2,2,1
1,00176.png,2,4,1
1,00177.png,3,1,1
1,00178.png,2,3,1
1,00179.png,2,1,1
1,00180.png,3,1,1
1,00181.png,0,0,0
1,00182.png,2,2,1
1,00183.png,1,3,1
1,00184.png,2,5,3
1,00185.png,1,1,1
1,00186.png,3,1,1
1,00187.png,2,5,2
1,00188.png,2,2,1
1,00189.png,2,1,1
1,00190.png,1,3,1
1,00191.png,1,3,1
1,00192.png,1,4,1
1,00193.png,3,1,1
1,00194.png,3,2,1
1,00195.png,1,3,1
1,00196.png,3,1,1
1,00197.png,3,1,1
1,00198.png,2,2,1
1,00199.png,3,1,1
1,00200.png,3,1,1
1,00201.png,3,2,1
1,00202.png,1,4,1
1,00203.png,2,2,1
1,00204.png,3,1,1
1,00205.png,2,3,1
1,00206.png,2,5,3
1,00207.png,2,5,3
1,00208.png,2,5,3
1,00209.png,2,1,1
1,00210.png,2,3,1
1,00211.png,3,1,1
1,00212.png,1,1,1
1,00213.png,1,1,1
1,00214.png,3,1,1
1,00215.png,0,0,0
1,00216.png,1,4,1
1,00217.png,1,4,1
1,00218.png,3,1,1
1,00219.png,1,4,1
1,00220.png,2,3,1
1,00221.png,2,5,3
1,00222.png,1,4,1
1,00223.png,2,2,1
1,00224.png,1,4,1
1,00225.png,3,1,1
1,00226.png,3,1,1
1,00227.png,1,4,1
1,00228.png,3,2,1
1,00229.png,3,1,1
1,00230.png,3,1,1
1,00231.png,1,3,1
1,00232.png,1,2,1
1,00233.png,3,1,1
1,00234.png,3,1,1
1,00235.png,3,1,1
1,00236.png,3,2,1
1,00237.png,0,0,0
1,00238.png,3,1,1
1,00239.png,3,1,1
1,00240.png,3,2,1
1,00241.png,3,2,1
1,00242.png,2,2,1
1,00243.png,3,2,1
1,00244.png,3,2,1
1,00245.png,2,5,3
1,00246.png,1,3,1
1,00247.png,3,1,1
1,00248.png,0,0,0
1,00249.png,3,1,1
1,00250.png,2,5,3
1,00251.png,2,3,1
1,00252.png,2,5,2
1,00253.png,2,5,3
1,00254.png,3,1,1
1,00255.png,3,1,1
1,00256.png,3,1,1
1,00257.png,3,2,1
1,00258.png,3,2,1
1,00259.png,3,2,1
1,00260.png,2,5,2
1,00261.png,2,5,2
1,00262.png,2,3,1
1,00263.png,1,4,1
1,00264.png,2,5,3
1,00265.png,0,0,0
1,00266.png,2,3,1
1,00267.png,2,4,1
1,00268.png,1,3,1
1,00269.png,3,3,1
1,00270.png,1,3,1
1,00271.png,1,4,1
1,00272.png,2,5,2
1,00273.png,2,2,1
1,00274.png,1,3,1
1,00275.png,3,2,1
1,00276.png,0,0,0
1,00277.png,2,3,1
1,00278.png,3,2,1
1,00279.png,3,2,1
1,00280.png,3,2,1
1,00281.png,2,6,2
1,00282.png,1,1,1
1,00283.png,3,1,1
1,00284.png,3,2,1
1,00285.png,3,1,1
1,00286.png,2,6,2
1,00287.png,1,3,1
1,00288.png,1,3,1
1,00289.png,1,2,1
1,00290.png,2,3,1
1,00291.png,1,4,1
1,00292.png,1,3,1
1,00293.png,1,2,1
1,00294.png,1,3,1
1,00295.png,2,4,1
1,00296.png,3,2,1
1,00297.png,2,5,2
1,00298.png,1,3,1
1,00299.png,3,2,1
1,00300.png,2,5,2
1,00301.png,3,1,1
1,00302.png,1,4,1
1,00303.png,3,1,1
1,00304.png,2,5,2
1,00305.png,0,0,0
1,00306.png,3,1,1
1,00307.png,3,1,1
1,00308.png,3,1,1
1,00309.png,2,5,3
1,00310.png,1,4,1
1,00311.png,1,3,1
1,00312.png,2,5,2
1,00313.png,3,1,1
1,00314.png,1,1,1
1,00315.png,1,1,1
1,00316.png,1,1,1
1,00317.png,1,1,1
1,00318.png,1,4,1
1,00319.png,3,1,1
1,00320.png,1,1,1
1,00321.png,1,4,1
1,00322.png,1,3,1
1,00323.png,3,1,1
1,00324.png,3,1,1
1,00325.png,1,4,1
1,00326.png,1,4,1
1,00327.png,2,2,1
1,00328.png,3,1,1
1,00329.png,3,2,1
1,00330.png,3,2,1
1,00331.png,3,1,1
1,00332.png,3,1,1
1,00333.png,3,1,1
1,00334.png,1,4,1
1,00335.png,1,1,1
1,00336.png,1,2,1
1,00337.png,1,3,1
1,00338.png,3,1,1
1,00339.png,1,4,1
1,00340.png,2,5,3
1,00341.png,1,4,1
1,00342.png,1,3,1
1,00343.png,1,4,1
1,00344.png,3,1,1
1,00345.png,1,4,1
1,00346.png,1,4,1
1,00347.png,3,1,1
1,00348.png,2,3,1
1,00349.png,1,4,1
1,00350.png,2,2,1
1,00351.png,1,3,1
1,00352.png,2,5,3
1,00353.png,2,5,3
1,00354.png,1,4,1
1,00355.png,1,3,1
1,00356.png,3,1,1
1,00357.png,2,4,1
1,00358.png,2,5,3
1,00359.png,3,1,1
1,00360.png,3,1,1
1,00361.png,1,4,1
1,00362.png,2,5,3
1,00363.png,1,3,1
1,00364.png,1,3,1
1,00365.png,1,2,1
1,00366.png,3,1,1
1,00367.png,3,1,1
1,00368.png,1,2,1
1,00369.png,1,2,1
1,00370.png,2,5,3
1,00371.png,2,3,1
1,00372.png,3,1,1
1,00373.png,2,5,2
1,00374.png,2,6,3
1,00375.png,2,3,1
1,00376.png,1,3,1
1,00377.png,1,4,1
1,00378.png,2,2,1
1,00379.png,2,2,1
1,00380.png,1,4,1
1,00381.png,2,3,1
1,00382.png,2,5,3
1,00383.png,2,5,3
1,00384.png,2,5,3
1,00385.png,1,2,1
1,00386.png,2,5,3
1,00387.png,2,5,3
1,00388.png,2,5,2
1,00389.png,3,2,1
1,00390.png,2,2,1
1,00391.png,2,5,3
1,00392.png,1,4,1
1,00393.png,3,1,1
1,00394.png,1,3,1
1,00395.png,2,5,3
1,00396.png,2,5,2
1,00397.png,3,3,1
1,00398.png,1,1,1
1,00399.png,2,5,3
1,00400.png,3,1,1
1,00401.png,3,1,1
1,00402.png,2,6,2
1,00403.png,0,0,0
1,00404.png,0,0,0
1,00405.png,3,1,1
1,00406.png,2,4,1
1,00407.png,2,4,1
1,00408.png,2,1,1
1,00409.png,2,5,3
1,00410.png,1,4,1
1,00411.png,1,1,1
1,00412.png,2,3,1
1,00413.png,1,4,1
1,00414.png,2,4,1
1,00415.png,1,4,1
1,00416.png,1,1,1
1,00417.png,2,6,3
1,00418.png,3,1,1
1,00419.png,1,3,1
1,00420.png,1,3,1
1,00421.png,1,3,1
1,00422.png,1,4,1
1,00423.png,3,1,1
1,00424.png,2,5,3
1,00425.png,3,1,1
1,00426.png,3,1,1
1,00427.png,1,1,1
1,00428.png,3,1,1
1,00429.png,3,1,1
1,00430.png,3,1,1
1,00431.png,3,1,1
1,00432.png,3,1,1
1,00433.png,3,1,1
1,00434.png,3,2,1
1,00435.png,1,4,1
1,00436.png,3,1,1
1,00437.png,2,4,1
1,00438.png,2,2,1
1,00439.png,2,3,1
1,00440.png,2,5,3
1,00441.png,3,1,1
1,00442.png,2,5,3
1,00443.png,1,3,1
1,00444.png,3,1,1
1,00445.png,1,4,1
1,00446.png,1,1,1
1,00447.png,3,1,1
1,00448.png,1,4,1
1,00449.png,2,2,1
1,00450.png,2,5,2
1,00451.png,2,5,2
1,00452.png,2,5,3
1,00453.png,3,1,1
1,00454.png,0,0,0
1,00455.png,2,2,1
1,00456.png,3,1,1
1,00457.png,3,1,1
1,00458.png,1,3,1
1,00459.png,1,1,1
1,00460.png,2,5,3
1,00461.png,0,0,0
1,00462.png,3,1,1
1,00463.png,2,6,3
1,00464.png,1,4,1
1,00465.png,1,3,1
1,00466.png,1,3,1
1,00467.png,2,6,3
1,00468.png,1,2,1
1,00469.png,1,3,1
1,00470.png,3,1,1
1,00471.png,3,1,1
1,00472.png,3,1,1
1,00473.png,0,0,0
1,00474.png,2,2,1
1,00475.png,3,1,1
1,00476.png,3,1,1
1,00477.png,3,1,1
1,00478.png,2,2,1
1,00479.png,2,2,1
1,00480.png,2,4,1
1,00481.png,2,3,1
1,00482.png,2,5,2
1,00483.png,1,1,1
1,00484.png,3,3,1
1,00485.png,1,4,1
1,00486.png,3,1,1
1,00487.png,3,2,1
1,00488.png,3,2,1
1,00489.png,1,3,1
1,00490.png,3,1,1
1,00491.png,0,0,0
1,00492.png,1,4,1
1,00493.png,1,4,1
1,00494.png,3,2,1
1,00495.png,1,4,1
1,00496.png,3,1,1
1,00497.png,2,2,1
1,00498.png,1,3,1
1,00499.png,3,1,1
1,00500.png,2,5,3
2,00501.png,3,1,1
2,00502.png,0,0,0
2,00503.png,2,5,3
2,00504.png,2,6,3
2,00505.png,2,1,1
2,00506.png,1,3,1
2,00507.png,1,3,1
2,00508.png,1,3,1
2,00509.png,1,2,1
2,00510.png,1,1,1
2,00511.png,1,1,1
2,00512.png,3,1,1
2,00513.png,2,1,1
2,00514.png,1,1,1
2,00515.png,3,1,1
2,00516.png,1,4,1
2,00517.png,1,4,1
2,00518.png,1,1,1
2,00519.png,2,5,3
2,00520.png,3,1,1
2,00521.png,1,3,1
2,00522.png,3,1,1
2,00523.png,2,5,3
2,00524.png,1,2,1
2,00525.png,3,1,1
2,00526.png,3,2,1
2,00527.png,0,0,0
2,00528.png,2,4,1
2,00529.png,2,3,1
2,00530.png,2,2,1
2,00531.png,3,1,1
2,00532.png,3,2,1
2,00533.png,2,6,3
2,00534.png,2,4,1
2,00535.png,0,0,0
2,00536.png,1,2,1
2,00537.png,3,1,1
2,00538.png,3,2,1
2,00539.png,3,1,1
2,00540.png,1,3,1
2,00541.png,1,2,1
2,00542.png,1,1,1
2,00543.png,1,3,1
2,00544.png,3,1,1
2,00545.png,2,6,3
2,00546.png,2,6,3
2,00547.png,3,2,1
2,00548.png,2,3,1
2,00549.png,2,6,3
2,00550.png,2,4,1
2,00551.png,2,5,3
2,00552.png,3,2,1
2,00553.png,1,4,1
2,00554.png,3,1,1
2,00555.png,2,6,3
2,00556.png,3,1,1
2,00557.png,1,3,1
2,00558.png,0,0,0
2,00559.png,1,3,1
2,00560.png,1,3,1
2,00561.png,2,2,1
2,00562.png,2,5,3
2,00563.png,3,2,1
2,00564.png,1,4,1
2,00565.png,2,1,1
2,00566.png,2,1,1
2,00567.png,2,6,3
2,00568.png,3,1,1
2,00569.png,1,3,1
2,00570.png,1,3,1
2,00571.png,2,6,3
2,00572.png,3,2,1
2,00573.png,3,1,1
2,00574.png,3,2,1
2,00575.png,0,0,0
2,00576.png,3,2,1
2,00577.png,3,1,1
2,00578.png,3,2,1
2,00579.png,3,2,1
2,00580.png,2,2,1
2,00581.png,3,2,1
2,00582.png,3,1,1
2,00583.png,3,2,1
2,00584.png,2,5,3
2,00585.png,3,2,1
2,00586.png,3,2,1
2,00587.png,3,1,1
2,00588.png,2,5,3
2,00589.png,3,1,1
2,00590.png,2,5,3
2,00591.png,2,2,1
2,00592.png,2,6,3
2,00593.png,3,2,1
2,00594.png,2,6,3
2,00595.png,2,6,3
2,00596.png,2,6,3
2,00597.png,2,6,3
2,00598.png,3,1,1
2,00599.png,2,6,3
2,00600.png,2,3,1
2,00601.png,0,0,0
2,00602.png,3,1,1
2,00603.png,2,3,1
2,00604.png,0,0,0
2,00605.png,2,5,3
2,00606.png,2,4,1
2,00607.png,2,6,3
2,00608.png,2,4,1
2,00609.png,3,2,1
2,00610.png,3,2,1
2,00611.png,1,3,1
2,00612.png,2,1,1
2,00613.png,3,1,1
2,00614.png,1,4,1
2,00615.png,3,2,1
2,00616.png,2,6,3
2,00617.png,2,6,3
2,00618.png,0,0,0
2,00619.png,3,2,1
2,00620.png,3,2,1
2,00621.png,3,1,1
2,00622.png,3,2,1
2,00623.png,2,6,3
2,00624.png,3,2,1
2,00625.png,3,2,1
2,00626.png,0,0,0
2,00627.png,3,2,1
2,00628.png,3,1,1
2,00629.png,1,3,1
2,00630.png,2,6,3
2,00631.png,2,4,1
2,00632.png,2,5,3
2,00633.png,1,4,1
2,00634.png,3,2,1
2,00635.png,3,1,1
2,00636.png,1,3,1
2,00637.png,3,1,1
2,00638.png,3,1,1
2,00639.png,2,5,3
2,00640.png,1,4,1
2,00641.png,2,5,3
2,00642.png,1,3,1
2,00643.png,2,5,3
2,00644.png,2,5,3
2,00645.png,2,5,3
2,00646.png,1,4,1
2,00647.png,1,3,1
2,00648.png,1,2,1
2,00649.png,2,5,3
2,00650.png,2,4,1
2,00651.png,1,4,1
2,00652.png,3,1,1
2,00653.png,3,1,1
2,00654.png,3,1,1
2,00655.png,3,1,1
2,00656.png,1,2,1
2,00657.png,1,4,1
2,00658.png,1,4,1
2,00659.png,1,2,1
2,00660.png,0,0,0
2,00661.png,2,5,3
2,00662.png,0,0,0
2,00663.png,2,6,3
2,00664.png,2,5,3
2,00665.png,3,1,1
2,00666.png,3,1,1
2,00667.png,0,0,0
2,00668.png,2,3,1
2,00669.png,0,0,0
2,00670.png,3,2,1
2,00671.png,2,5,3
2,00672.png,3,2,1
2,00673.png,2,5,3
2,00674.png,3,2,1
2,00675.png,1,4,1
2,00676.png,1,3,1
2,00677.png,3,1,1
2,00678.png,2,2,1
2,00679.png,2,6,3
2,00680.png,1,3,1
2,00681.png,3,2,1
2,00682.png,0,0,0
2,00683.png,1,3,1
2,00684.png,3,1,1
2,00685.png,2,5,2
2,00686.png,1,4,1
2,00687.png,1,3,1
2,00688.png,2,5,2
2,00689.png,1,3,1
2,00690.png,1,4,1
2,00691.png,1,4,1
2,00692.png,2,5,2
2,00693.png,1,2,1
2,00694.png,1,4,1
2,00695.png,1,2,1
2,00696.png,0,0,0
2,00697.png,2,5,3
2,00698.png,3,1,1
2,00699.png,1,4,1
2,00700.png,3,1,1
2,00701.png,3,1,1
2,00702.png,0,0,0
2,00703.png,1,3,1
2,00704.png,2,5,3
2,00705.png,1,3,1
2,00706.png,2,5,2
2,00707.png,0,0,0
2,00708.png,3,2,1
2,00709.png,3,2,1
2,00710.png,3,1,1
2,00711.png,2,5,2
2,00712.png,3,2,1
2,00713.png,3,1,1
2,00714.png,3,2,1
2,00715.png,2,5,3
2,00716.png,2,4,1
2,00717.png,0,0,0
2,00718.png,3,2,1
2,00719.png,3,1,1
2,00720.png,2,5,3
2,00721.png,1,2,1
2,00722.png,2,6,3
2,00723.png,2,4,1
2,00724.png,1,2,1
2,00725.png,1,2,1
2,00726.png,3,1,1
2,00727.png,3,1,1
2,00728.png,3,1,1
2,00729.png,3,1,1
2,00730.png,3,2,1
2,00731.png,1,2,1
2,00732.png,3,1,1
2,00733.png,0,0,0
2,00734.png,2,1,1
2,00735.png,3,2,1
2,00736.png,2,3,1
2,00737.png,2,5,3
2,00738.png,1,3,1
2,00739.png,2,5,2
2,00740.png,2,5,2
2,00741.png,2,5,2
2,00742.png,2,2,1
2,00743.png,2,4,1
2,00744.png,2,4,1
2,00745.png,1,2,1
2,00746.png,2,3,1
2,00747.png,2,4,1
2,00748.png,3,1,1
2,00749.png,0,0,0
2,00750.png,1,4,1
2,00751.png,3,1,1
2,00752.png,0,0,0
2,00753.png,1,3,1
2,00754.png,3,1,1
2,00755.png,2,5,3
2,00756.png,2,2,1
2,00757.png,3,1,1
2,00758.png,1,3,1
2,00759.png,0,0,0
2,00760.png,1,4,1
2,00761.png,2,2,1
2,00762.png,3,1,1
2,00763.png,2,5,2
2,00764.png,1,4,1
2,00765.png,2,5,2
2,00766.png,1,1,1
2,00767.png,3,1,1
2,00768.png,1,3,1
2,00769.png,1,4,1
2,00770.png,2,5,3
2,00771.png,3,1,1
2,00772.png,2,4,1
2,00773.png,2,6,2
2,00774.png,3,1,1
2,00775.png,1,4,1
2,00776.png,3,1,1
2,00777.png,3,1,1
2,00778.png,0,0,0
2,00779.png,0,0,0
2,00780.png,0,0,0
2,00781.png,1,3,1
2,00782.png,0,0,0
2,00783.png,2,5,3
2,00784.png,0,0,0
2,00785.png,2,5,3
2,00786.png,2,5,2
2,00787.png,2,3,1
2,00788.png,3,1,1
2,00789.png,3,1,1
2,00790.png,2,5,3
2,00791.png,2,4,1
2,00792.png,2,5,2
2,00793.png,3,1,1
2,00794.png,3,1,1
2,00795.png,1,3,1
2,00796.png,1,1,1
2,00797.png,1,3,1
2,00798.png,0,0,0
2,00799.png,1,3,1
2,00800.png,1,4,1
2,00801.png,3,1,1
2,00802.png,1,3,1
2,00803.png,3,1,1
2,00804.png,0,0,0
2,00805.png,0,0,0
2,00806.png,3,1,1
2,00807.png,3,1,1
2,00808.png,3,1,1
2,00809.png,0,0,0
2,00810.png,3,1,1
2,00811.png,3,1,1
2,00812.png,1,4,1
2,00813.png,1,4,1
2,00814.png,2,2,1
2,00815.png,1,3,1
2,00816.png,3,1,1
2,00817.png,3,2,1
2,00818.png,3,1,1
2,00819.png,1,3,1
2,00820.png,0,0,0
2,00821.png,0,0,0
2,00822.png,1,1,1
2,00823.png,2,5,2
2,00824.png,3,1,1
2,00825.png,3,2,1
2,00826.png,1,2,1
2,00827.png,1,3,1
2,00828.png,3,1,1
2,00829.png,1,4,1
2,00830.png,2,5,3
2,00831.png,2,5,3
2,00832.png,3,1,1
2,00833.png,3,1,1
2,00834.png,3,1,1
2,00835.png,1,4,1
2,00836.png,2,5,2
2,00837.png,0,0,0
2,00838.png,2,4,1
2,00839.png,2,4,1
2,00840.png,2,5,3
2,00841.png,3,1,1
2,00842.png,1,3,1
2,00843.png,0,0,0
2,00844.png,2,4,1
2,00845.png,2,5,3
2,00846.png,3,1,1
2,00847.png,1,3,1
2,00848.png,3,2,1
2,00849.png,1,2,1
2,00850.png,3,1,1
2,00851.png,0,0,0
2,00852.png,3,2,1
2,00853.png,2,5,3
2,00854.png,2,5,3
2,00855.png,3,1,1
2,00856.png,3,2,1
2,00857.png,3,2,1
2,00858.png,3,2,1
2,00859.png,0,0,0
2,00860.png,2,5,3
2,00861.png,2,5,2
2,00862.png,1,4,1
2,00863.png,3,1,1
2,00864.png,3,2,1
2,00865.png,0,0,0
2,00866.png,2,5,2
2,00867.png,0,0,0
2,00868.png,3,1,1
2,00869.png,2,5,2
2,00870.png,3,1,1
2,00871.png,3,1,1
2,00872.png,2,4,1
2,00873.png,3,1,1
2,00874.png,2,5,3
2,00875.png,2,5,3
2,00876.png,2,5,3
2,00877.png,2,4,1
2,00878.png,2,2,1
2,00879.png,1,3,1
2,00880.png,3,1,1
2,00881.png,2,5,3
2,00882.png,3,1,1
2,00883.png,2,2,1
2,00884.png,2,5,2
2,00885.png,1,4,1
2,00886.png,2,5,2
2,00887.png,1,4,1
2,00888.png,3,1,1
2,00889.png,1,3,1
2,00890.png,2,6,3
2,00891.png,1,2,1
2,00892.png,3,1,1
2,00893.png,2,4,1
2,00894.png,2,4,1
2,00895.png,2,5,3
2,00896.png,1,3,1
2,00897.png,3,1,1
2,00898.png,2,5,3
2,00899.png,3,2,1
2,00900.png,1,3,1
2,00901.png,3,2,1
2,00902.png,2,5,2
2,00903.png,2,1,1
2,00904.png,2,1,1
2,00905.png,2,2,1
2,00906.png,1,3,1
2,00907.png,2,5,2
2,00908.png,2,5,3
2,00909.png,2,4,1
2,00910.png,1,3,1
2,00911.png,2,5,2
2,00912.png,3,2,1
2,00913.png,3,2,1
2,00914.png,1,4,1
2,00915.png,1,3,1
2,00916.png,2,5,3
2,00917.png,3,1,1
2,00918.png,3,1,1
2,00919.png,2,2,1
2,00920.png,2,4,1
2,00921.png,2,4,1
2,00922.png,2,2,1
2,00923.png,2,3,1
2,00924.png,2,4,1
2,00925.png,1,4,1
2,00926.png,1,1,1
2,00927.png,2,6,3
2,00928.png,2,5,3
2,00929.png,1,4,1
2,00930.png,3,1,1
2,00931.png,3,1,1
2,00932.png,1,3,1
2,00933.png,2,5,3
2,00934.png,2,5,3
2,00935.png,1,3,1
2,00936.png,3,1,1
2,00937.png,3,2,1
2,00938.png,0,0,0
2,00939.png,2,5,2
2,00940.png,0,0,0
2,00941.png,1,3,1
2,00942.png,3,2,1
2,00943.png,2,4,1
2,00944.png,3,2,1
2,00945.png,1,3,1
2,00946.png,1,3,1
2,00947.png,2,3,1
2,00948.png,2,2,1
2,00949.png,2,5,2
2,00950.png,1,3,1
2,00951.png,2,1,1
2,00952.png,3,1,1
2,00953.png,2,1,1
2,00954.png,3,1,1
2,00955.png,0,0,0
2,00956.png,2,5,2
2,00957.png,1,3,1
2,00958.png,0,0,0
2,00959.png,2,2,1
2,00960.png,3,2,1
2,00961.png,2,2,1
2,00962.png,2,5,3
2,00963.png,2,2,1
2,00964.png,1,3,1
2,00965.png,2,3,1
2,00966.png,1,3,1
2,00967.png,2,5,2
2,00968.png,3,1,1
2,00969.png,3,2,1
2,00970.png,2,5,3
2,00971.png,3,2,1
2,00972.png,2,5,3
2,00973.png,1,3,1
2,00974.png,3,2,1
2,00975.png,2,2,1
2,00976.png,1,2,1
2,00977.png,1,4,1
2,00978.png,1,1,1
2,00979.png,3,2,1
2,00980.png,1,2,1
2,00981.png,3,2,1
2,00982.png,3,1,1
2,00983.png,2,2,1
2,00984.png,1,3,1
2,00985.png,3,1,1
2,00986.png,2,2,1
2,00987.png,3,1,1
2,00988.png,1,1,1
2,00989.png,1,2,1
2,00990.png,3,1,1
2,00991.png,1,2,1
2,00992.png,1,3,1
2,00993.png,2,3,1
2,00994.png,2,5,2
2,00995.png,2,3,1
2,00996.png,2,5,3
2,00997.png,1,4,1
2,00998.png,3,2,1
2,00999.png,3,1,1
2,01000.png,1,4,1
3,01001.png,3,2,1
3,01002.png,3,2,1
3,01003.png,3,1,1
3,01004.png,3,2,1
3,01005.png,3,1,1
3,01006.png,3,2,1
3,01007.png,2,5,3
3,01008.png,2,4,1
3,01009.png,3,1,1
3,01010.png,3,1,1
3,01011.png,1,4,1
3,01012.png,1,1,1
3,01013.png,1,1,1
3,01014.png,3,1,1
3,01015.png,3,1,1
3,01016.png,2,5,3
3,01017.png,2,5,3
3,01018.png,0,0,0
3,01019.png,1,1,1
3,01020.png,3,1,1
3,01021.png,1,4,1
3,01022.png,3,1,1
3,01023.png,2,5,3
3,01024.png,2,5,3
3,01025.png,3,1,1
3,01026.png,2,1,1
3,01027.png,3,1,1
3,01028.png,3,2,1
3,01029.png,3,2,1
3,01030.png,3,1,1
3,01031.png,1,1,1
3,01032.png,2,3,1
3,01033.png,2,2,1
3,01034.png,2,5,2
3,01035.png,2,4,1
3,01036.png,2,4,1
3,01037.png,2,2,1
3,01038.png,2,1,1
3,01039.png,2,2,1
3,01040.png,0,0,0
3,01041.png,2,4,1
3,01042.png,2,5,3
3,01043.png,3,2,1
3,01044.png,3,2,1
3,01045.png,2,5,2
3,01046.png,2,3,1
3,01047.png,2,4,1
3,01048.png,2,4,1
3,01049.png,3,1,1
3,01050.png,3,1,1
3,01051.png,2,4,1
3,01052.png,2,5,2
3,01053.png,2,2,1
3,01054.png,2,3,1
3,01055.png,1,2,1
3,01056.png,0,0,0
3,01057.png,2,5,3
3,01058.png,3,1,1
3,01059.png,2,3,1
3,01060.png,2,5,3
3,01061.png,3,2,1
3,01062.png,3,1,1
3,01063.png,2,4,1
3,01064.png,2,3,1
3,01065.png,2,2,1
3,01066.png,2,5,2
3,01067.png,2,2,1
3,01068.png,3,2,1
3,01069.png,2,5,2
3,01070.png,2,2,1
3,01071.png,0,0,0
3,01072.png,3,1,1
3,01073.png,3,1,1
3,01074.png,1,2,1
3,01075.png,1,1,1
3,01076.png,2,4,1
3,01077.png,1,2,1
3,01078.png,2,5,3
3,01079.png,2,5,3
3,01080.png,1,4,1
3,01081.png,3,1,1
3,01082.png,3,2,1
3,01083.png,2,5,3
3,01084.png,2,5,2
3,01085.png,0,0,0
3,01086.png,1,4,1
3,01087.png,3,1,1
3,01088.png,1,3,1
3,01089.png,2,5,2
3,01090.png,3,1,1
3,01091.png,3,2,1
3,01092.png,3,2,1
3,01093.png,3,1,1
3,01094.png,2,2,1
3,01095.png,2,5,3
3,01096.png,2,5,3
3,01097.png,3,2,1
3,01098.png,0,0,0
3,01099.png,2,5,2
3,01100.png,0,0,0
3,01101.png,1,4,1
3,01102.png,3,1,1
3,01103.png,2,4,1
3,01104.png,3,1,1
3,01105.png,2,1,1
3,01106.png,1,3,1
3,01107.png,2,1,1
3,01108.png,2,5,2
3,01109.png,2,3,1
3,01110.png,0,0,0
3,01111.png,3,1,1
3,01112.png,2,6,3
3,01113.png,1,4,1
3,01114.png,3,2,1
3,01115.png,1,4,1
3,01116.png,1,3,1
3,01117.png,3,1,1
3,01118.png,2,2,1
3,01119.png,3,2,1
3,01120.png,2,2,1
3,01121.png,1,1,1
3,01122.png,2,5,3
3,01123.png,1,3,1
3,01124.png,2,6,2
3,01125.png,3,2,1
3,01126.png,2,5,3
3,01127.png,3,1,1
3,01128.png,2,3,1
3,01129.png,0,0,0
3,01130.png,3,2,1
3,01131.png,2,5,2
3,01132.png,0,0,0
3,01133.png,3,2,1
3,01134.png,0,0,0
3,01135.png,1,1,1
3,01136.png,3,1,1
3,01137.png,0,0,0
3,01138.png,2,5,3
3,01139.png,3,1,1
3,01140.png,3,2,1
3,01141.png,0,0,0
3,01142.png,3,2,1
3,01143.png,1,2,1
3,01144.png,3,1,1
3,01145.png,3,1,1
3,01146.png,2,1,1
3,01147.png,3,2,1
3,01148.png,1,4,1
3,01149.png,3,2,1
3,01150.png,2,3,1
3,01151.png,2,5,2
3,01152.png,1,3,1
3,01153.png,3,1,1
3,01154.png,1,3,1
3,01155.png,3,1,1
3,01156.png,0,0,0
3,01157.png,1,4,1
3,01158.png,3,2,1
3,01159.png,3,2,1
3,01160.png,2,5,2
3,01161.png,3,2,1
3,01162.png,1,4,1
3,01163.png,2,5,2
3,01164.png,0,0,0
3,01165.png,1,3,1
3,01166.png,1,3,1
3,01167.png,2,1,1
3,01168.png,1,4,1
3,01169.png,0,0,0
3,01170.png,2,5,3
3,01171.png,1,4,1
3,01172.png,3,1,1
3,01173.png,1,4,1
3,01174.png,3,1,1
3,01175.png,3,1,1
3,01176.png,3,1,1
3,01177.png,2,5,2
3,01178.png,0,0,0
3,01179.png,1,4,1
3,01180.png,1,4,1
3,01181.png,3,1,1
3,01182.png,0,0,0
3,01183.png,3,1,1
3,01184.png,3,2,1
3,01185.png,1,4,1
3,01186.png,2,5,2
3,01187.png,2,5,2
3,01188.png,2,5,3
3,01189.png,2,5,3
3,01190.png,1,4,1
3,01191.png,1,4,1
3,01192.png,3,1,1
3,01193.png,3,1,1
3,01194.png,1,4,1
3,01195.png,1,3,1
3,01196.png,0,0,0
3,01197.png,1,4,1
3,01198.png,2,5,2
3,01199.png,2,5,2
3,01200.png,2,3,1
3,01201.png,0,0,0
3,01202.png,2,2,1
3,01203.png,2,5,3
3,01204.png,1,2,1
3,01205.png,2,2,1
3,01206.png,2,3,1
3,01207.png,2,5,2
3,01208.png,2,5,3
3,01209.png,2,4,1
3,01210.png,0,0,0
3,01211.png,2,6,3
3,01212.png,2,5,2
3,01213.png,1,4,1
3,01214.png,2,5,3
3,01215.png,2,4,1
3,01216.png,0,0,0
3,01217.png,2,2,1
3,01218.png,3,2,1
3,01219.png,1,1,1
3,01220.png,2,2,1
3,01221.png,2,5,3
3,01222.png,3,2,1
3,01223.png,2,4,1
3,01224.png,2,2,1
3,01225.png,2,5,3
3,01226.png,0,0,0
3,01227.png,2,5,3
3,01228.png,0,0,0
3,01229.png,0,0,0
3,01230.png,0,0,0
3,01231.png,3,1,1
3,01232.png,1,3,1
3,01233.png,0,0,0
3,01234.png,2,5,2
3,01235.png,3,2,1
3,01236.png,1,3,1
3,01237.png,2,5,3
3,01238.png,1,3,1
3,01239.png,1,3,1
3,01240.png,3,1,1
3,01241.png,2,3,1
3,01242.png,1,3,1
3,01243.png,1,1,1
3,01244.png,3,1,1
3,01245.png,2,5,3
3,01246.png,0,0,0
3,01247.png,2,5,2
3,01248.png,2,5,2
3,01249.png,1,1,1
3,01250.png,3,1,1
3,01251.png,2,3,1
3,01252.png,2,5,2
3,01253.png,2,3,1
3,01254.png,2,5,2
3,01255.png,1,3,1
3,01256.png,1,3,1
3,01257.png,2,2,1
3,01258.png,0,0,0
3,01259.png,2,5,2
3,01260.png,2,5,3
3,01261.png,3,1,1
3,01262.png,3,1,1
3,01263.png,1,3,1
3,01264.png,1,3,1
3,01265.png,3,1,1
3,01266.png,1,1,1
3,01267.png,2,5,2
3,01268.png,2,2,1
3,01269.png,2,2,1
3,01270.png,3,1,1
3,01271.png,1,1,1
3,01272.png,1,4,1
3,01273.png,1,4,1
3,01274.png,3,2,1
3,01275.png,1,2,1
3,01276.png,3,1,1
3,01277.png,1,3,1
3,01278.png,1,2,1
3,01279.png,3,2,1
3,01280.png,3,1,1
3,01281.png,0,0,0
3,01282.png,3,2,1
3,01283.png,2,2,1
3,01284.png,0,0,0
3,01285.png,3,2,1
3,01286.png,2,2,1
3,01287.png,2,4,1
3,01288.png,2,5,3
3,01289.png,2,4,1
3,01290.png,2,4,1
3,01291.png,1,4,1
3,01292.png,1,4,1
3,01293.png,3,2,1
3,01294.png,0,0,0
3,01295.png,1,3,1
3,01296.png,1,3,1
3,01297.png,2,4,1
3,01298.png,1,3,1
3,01299.png,2,4,1
3,01300.png,1,3,1
3,01301.png,3,2,1
3,01302.png,1,3,1
3,01303.png,3,2,1
3,01304.png,3,2,1
3,01305.png,1,3,1
3,01306.png,0,0,0
3,01307.png,1,3,1
3,01308.png,2,3,1
3,01309.png,1,2,1
3,01310.png,3,2,1
3,01311.png,3,1,1
3,01312.png,0,0,0
3,01313.png,2,5,2
3,01314.png,2,5,3
3,01315.png,2,5,2
3,01316.png,3,2,1
3,01317.png,3,1,1
3,01318.png,2,5,3
3,01319.png,1,4,1
3,01320.png,3,1,1
3,01321.png,3,1,1
3,01322.png,1,3,1
3,01323.png,1,3,1
3,01324.png,3,2,1
3,01325.png,2,2,1
3,01326.png,2,5,2
3,01327.png,2,4,1
3,01328.png,1,4,1
3,01329.png,1,4,1
3,01330.png,2,3,1
3,01331.png,1,1,1
3,01332.png,0,0,0
3,01333.png,0,0,0
3,01334.png,2,5,2
3,01335.png,2,5,3
3,01336.png,3,2,1
3,01337.png,0,0,0
3,01338.png,1,4,1
3,01339.png,2,5,3
3,01340.png,3,2,1
3,01341.png,2,5,3
3,01342.png,1,3,1
3,01343.png,2,5,3
3,01344.png,2,5,3
3,01345.png,2,5,3
3,01346.png,0,0,0
3,01347.png,2,5,3
3,01348.png,2,5,3
3,01349.png,2,5,3
3,01350.png,1,4,1
3,01351.png,1,3,1
3,01352.png,2,5,3
3,01353.png,1,3,1
3,01354.png,1,3,1
3,01355.png,2,5,2
3,01356.png,2,5,3
3,01357.png,1,3,1
3,01358.png,1,3,1
3,01359.png,2,5,3
3,01360.png,0,0,0
3,01361.png,0,0,0
3,01362.png,1,3,1
3,01363.png,0,0,0
3,01364.png,2,5,2
3,01365.png,1,3,1
3,01366.png,2,4,1
3,01367.png,2,2,1
3,01368.png,1,4,1
3,01369.png,3,1,1
3,01370.png,2,5,3
3,01371.png,3,1,1
3,01372.png,2,5,3
3,01373.png,2,4,1
3,01374.png,3,1,1
3,01375.png,1,4,1
3,01376.png,2,5,3
3,01377.png,0,0,0
3,01378.png,2,5,3
3,01379.png,2,5,2
3,01380.png,2,4,1
3,01381.png,2,5,3
3,01382.png,2,4,1
3,01383.png,1,3,1
3,01384.png,2,5,3
3,01385.png,2,3,1
3,01386.png,1,3,1
3,01387.png,2,5,2
3,01388.png,2,5,3
3,01389.png,2,4,1
3,01390.png,0,0,0
3,01391.png,2,5,2
3,01392.png,2,4,1
3,01393.png,2,5,2
3,01394.png,2,5,2
3,01395.png,2,5,2
3,01396.png,3,1,1
3,01397.png,2,5,3
3,01398.png,3,1,1
3,01399.png,1,3,1
3,01400.png,1,3,1
3,01401.png,3,1,1
3,01402.png,1,3,1
3,01403.png,1,3,1
3,01404.png,1,3,1
3,01405.png,1,3,1
3,01406.png,2,3,1
3,01407.png,2,5,3
3,01408.png,3,1,1
3,01409.png,2,5,3
3,01410.png,1,3,1
3,01411.png,2,3,1
3,01412.png,2,4,1
3,01413.png,2,5,2
3,01414.png,2,5,3
3,01415.png,2,5,2
3,01416.png,3,1,1
3,01417.png,0,0,0
3,01418.png,2,5,2
3,01419.png,3,1,1
3,01420.png,2,5,2
3,01421.png,1,1,1
3,01422.png,2,4,1
3,01423.png,3,1,1
3,01424.png,1,3,1
3,01425.png,1,1,1
3,01426.png,0,0,0
3,01427.png,1,4,1
3,01428.png,2,5,3
3,01429.png,1,1,1
3,01430.png,1,3,1
3,01431.png,2,3,1
3,01432.png,1,4,1
3,01433.png,2,2,1
3,01434.png,3,1,1
3,01435.png,0,0,0
3,01436.png,2,5,3
3,01437.png,0,0,0
3,01438.png,3,1,1
3,01439.png,3,2,1
3,01440.png,1,3,1
3,01441.png,2,5,2
3,01442.png,1,1,1
3,01443.png,1,3,1
3,01444.png,2,3,1
3,01445.png,3,1,1
3,01446.png,1,4,1
3,01447.png,3,1,1
3,01448.png,3,1,1
3,01449.png,1,3,1
3,01450.png,1,3,1
3,01451.png,1,4,1
3,01452.png,1,4,1
3,01453.png,2,3,1
3,01454.png,1,3,1
3,01455.png,2,3,1
3,01456.png,1,4,1
3,01457.png,1,4,1
3,01458.png,3,1,1
3,01459.png,2,2,1
3,01460.png,2,2,1
3,01461.png,1,4,1
3,01462.png,1,3,1
3,01463.png,2,4,1
3,01464.png,1,3,1
3,01465.png,3,2,1
3,01466.png,3,1,1
3,01467.png,3,2,1
3,01468.png,2,5,3
3,01469.png,3,2,1
3,01470.png,0,0,0
3,01471.png,2,5,3
3,01472.png,1,3,1
3,01473.png,1,3,1
3,01474.png,1,3,1
3,01475.png,1,3,1
3,01476.png,1,3,1
3,01477.png,3,1,1
3,01478.png,2,4,1
3,01479.png,1,2,1
3,01480.png,2,5,3
3,01481.png,1,3,1
3,01482.png,2,3,1
3,01483.png,2,5,2
3,01484.png,0,0,0
3,01485.png,1,3,1
3,01486.png,3,1,1
3,01487.png,3,1,1
3,01488.png,1,4,1
3,01489.png,0,0,0
3,01490.png,1,3,1
3,01491.png,2,3,1
3,01492.png,0,0,0
3,01493.png,0,0,0
3,01494.png,0,0,0
3,01495.png,3,1,1
3,01496.png,3,1,1
3,01497.png,3,1,1
3,01498.png,2,2,1
3,01499.png,2,5,2
3,01500.png,1,3,1
4,01501.png,3,2,1
4,01502.png,2,5,2
4,01503.png,2,5,3
4,01504.png,0,0,0
4,01505.png,2,5,3
4,01506.png,1,3,1
4,01507.png,2,2,1
4,01508.png,1,3,1
4,01509.png,3,1,1
4,01510.png,3,2,1
4,01511.png,2,5,3
4,01512.png,2,3,1
4,01513.png,2,3,1
4,01514.png,3,1,1
4,01515.png,2,5,3
4,01516.png,2,5,2
4,01517.png,2,5,3
4,01518.png,3,1,1
4,01519.png,2,1,1
4,01520.png,2,5,3
4,01521.png,1,4,1
4,01522.png,2,3,1
4,01523.png,2,5,2
4,01524.png,2,5,3
4,01525.png,3,1,1
4,01526.png,2,3,1
4,01527.png,0,1,0
4,01528.png,3,1,1
4,01529.png,2,5,3
4,01530.png,0,1,0
4,01531.png,3,1,1
4,01532.png,0,0,0
4,01533.png,1,4,1
4,01534.png,2,3,1
4,01535.png,2,3,1
4,01536.png,1,3,1
4,01537.png,0,0,0
4,01538.png,3,1,1
4,01539.png,2,3,1
4,01540.png,1,3,1
4,01541.png,2,3,1
4,01542.png,0,1,0
4,01543.png,2,4,1
4,01544.png,2,4,1
4,01545.png,1,3,1
4,01546.png,1,3,1
4,01547.png,3,1,1
4,01548.png,1,3,1
4,01549.png,2,2,1
4,01550.png,1,3,1
4,01551.png,2,2,1
4,01552.png,0,0,0
4,01553.png,2,4,1
4,01554.png,0,0,0
4,01555.png,3,1,1
4,01556.png,2,5,3
4,01557.png,2,2,1
4,01558.png,3,1,1
4,01559.png,2,4,1
4,01560.png,1,4,1
4,01561.png,1,2,1
4,01562.png,1,3,1
4,01563.png,2,5,2
4,01564.png,1,3,1
4,01565.png,2,5,2
4,01566.png,2,2,1
4,01567.png,3,2,1
4,01568.png,3,1,1
4,01569.png,3,1,1
4,01570.png,2,4,1
4,01571.png,2,1,1
4,01572.png,1,3,1
4,01573.png,3,1,1
4,01574.png,2,5,3
4,01575.png,2,5,3
4,01576.png,3,2,1
4,01577.png,3,2,1
4,01578.png,3,2,1
4,01579.png,2,1,1
4,01580.png,2,2,1
4,01581.png,2,2,1
4,01582.png,2,4,1
4,01583.png,2,5,2
4,01584.png,2,4,1
4,01585.png,2,5,2
4,01586.png,2,5,2
4,01587.png,1,3,1
4,01588.png,1,3,1
4,01589.png,1,4,1
4,01590.png,2,5,3
4,01591.png,1,3,1
4,01592.png,1,1,1
4,01593.png,2,3,1
4,01594.png,0,0,0
4,01595.png,1,3,1
4,01596.png,1,3,1
4,01597.png,0,1,0
4,01598.png,2,2,1
4,01599.png,1,3,1
4,01600.png,2,5,2
4,01601.png,1,3,1
4,01602.png,2,2,1
4,01603.png,1,4,1
4,01604.png,3,2,1
4,01605.png,1,3,1
4,01606.png,2,4,1
4,01607.png,1,3,1
4,01608.png,1,3,1
4,01609.png,1,3,1
4,01610.png,3,2,1
4,01611.png,2,4,1
4,01612.png,2,4,1
4,01613.png,2,2,1
4,01614.png,2,3,1
4,01615.png,2,4,1
4,01616.png,1,4,1
4,01617.png,2,2,1
4,01618.png,2,5,2
4,01619.png,2,5,2
4,01620.png,3,2,1
4,01621.png,3,2,1
4,01622.png,0,1,0
4,01623.png,2,4,1
4,01624.png,2,5,3
4,01625.png,3,1,1
4,01626.png,2,5,3
4,01627.png,2,5,2
4,01628.png,2,1,1
4,01629.png,2,5,3
4,01630.png,2,2,1
4,01631.png,2,3,1
4,01632.png,2,2,1
4,01633.png,2,5,3
4,01634.png,2,5,2
4,01635.png,2,2,1
4,01636.png,1,3,1
4,01637.png,2,5,2
4,01638.png,2,3,1
4,01639.png,2,4,1
4,01640.png,1,3,1
4,01641.png,2,5,2
4,01642.png,1,3,1
4,01643.png,2,5,2
4,01644.png,2,5,3
4,01645.png,2,2,1
4,01646.png,3,2,1
4,01647.png,2,4,1
4,01648.png,3,2,1
4,01649.png,2,5,2
4,01650.png,2,5,3
4,01651.png,2,5,3
4,01652.png,2,2,1
4,01653.png,2,5,2
4,01654.png,0,1,0
4,01655.png,2,4,1
4,01656.png,1,3,1
4,01657.png,1,3,1
4,01658.png,1,2,1
4,01659.png,1,3,1
4,01660.png,2,5,2
4,01661.png,2,5,3
4,01662.png,2,5,3
4,01663.png,3,2,1
4,01664.png,3,1,1
4,01665.png,0,0,0
4,01666.png,2,4,1
4,01667.png,2,3,1
4,01668.png,1,3,1
4,01669.png,3,1,1
4,01670.png,1,2,1
4,01671.png,2,5,3
4,01672.png,2,4,1
4,01673.png,2,5,2
4,01674.png,2,3,1
4,01675.png,2,3,1
4,01676.png,2,4,1
4,01677.png,2,5,2
4,01678.png,2,3,1
4,01679.png,0,0,0
4,01680.png,3,2,1
4,01681.png,0,0,0
4,01682.png,1,1,1
4,01683.png,0,0,0
4,01684.png,2,3,1
4,01685.png,3,2,1
4,01686.png,3,2,1
4,01687.png,2,5,2
4,01688.png,2,4,1
4,01689.png,2,3,1
4,01690.png,3,2,1
4,01691.png,2,5,3
4,01692.png,3,2,1
4,01693.png,3,2,1
4,01694.png,0,0,0
4,01695.png,3,2,1
4,01696.png,2,3,1
4,01697.png,2,3,1
4,01698.png,0,0,0
4,01699.png,3,2,1
4,01700.png,1,4,1
4,01701.png,2,5,2
4,01702.png,2,4,1
4,01703.png,2,5,2
4,01704.png,3,2,1
4,01705.png,0,0,0
4,01706.png,2,5,2
4,01707.png,2,5,3
4,01708.png,1,1,1
4,01709.png,1,2,1
4,01710.png,2,4,1
4,01711.png,2,5,3
4,01712.png,1,1,1
4,01713.png,2,5,3
4,01714.png,3,2,1
4,01715.png,3,1,1
4,01716.png,3,2,1
4,01717.png,2,5,3
4,01718.png,3,2,1
4,01719.png,3,2,1
4,01720.png,1,4,1
4,01721.png,2,3,1
4,01722.png,1,3,1
4,01723.png,2,3,1
4,01724.png,3,2,1
4,01725.png,3,2,1
4,01726.png,3,2,1
4,01727.png,1,3,1
4,01728.png,3,1,1
4,01729.png,2,2,1
4,01730.png,2,4,1
4,01731.png,1,3,1
4,01732.png,2,5,2
4,01733.png,2,6,2
4,01734.png,2,4,1
4,01735.png,2,2,1
4,01736.png,2,1,1
4,01737.png,2,4,1
4,01738.png,1,1,1
4,01739.png,3,1,1
4,01740.png,2,5,3
4,01741.png,3,2,1
4,01742.png,1,3,1
4,01743.png,0,0,0
4,01744.png,2,4,1
4,01745.png,2,3,1
4,01746.png,3,2,1
4,01747.png,2,5,2
4,01748.png,2,5,3
4,01749.png,3,1,1
4,01750.png,2,4,1
4,01751.png,3,2,1
4,01752.png,2,4,1
4,01753.png,2,5,3
4,01754.png,3,2,1
4,01755.png,1,4,1
4,01756.png,0,0,0
4,01757.png,2,4,1
4,01758.png,2,2,1
4,01759.png,2,5,3
4,01760.png,3,2,1
4,01761.png,1,3,1
4,01762.png,2,5,2
4,01763.png,1,3,1
4,01764.png,1,3,1
4,01765.png,1,4,1
4,01766.png,3,2,1
4,01767.png,1,3,1
4,01768.png,1,3,1
4,01769.png,1,3,1
4,01770.png,2,5,2
4,01771.png,3,2,1
4,01772.png,2,4,1
4,01773.png,2,1,1
4,01774.png,2,5,3
4,01775.png,2,5,2
4,01776.png,2,3,1
4,01777.png,3,2,1
4,01778.png,3,1,1
4,01779.png,2,3,1
4,01780.png,2,4,1
4,01781.png,0,0,0
4,01782.png,2,3,1
4,01783.png,1,3,1
4,01784.png,1,4,1
4,01785.png,1,1,1
4,01786.png,1,3,1
4,01787.png,1,3,1
4,01788.png,1,4,1
4,01789.png,1,3,1
4,01790.png,1,4,1
4,01791.png,2,5,2
4,01792.png,1,3,1
4,01793.png,0,0,0
4,01794.png,1,3,1
4,01795.png,2,5,2
4,01796.png,3,1,1
4,01797.png,1,3,1
4,01798.png,1,4,1
4,01799.png,2,4,1
4,01800.png,2,3,1
4,01801.png,2,2,1
4,01802.png,2,4,1
4,01803.png,1,3,1
4,01804.png,1,1,1
4,01805.png,1,3,1
4,01806.png,2,5,2
4,01807.png,2,3,1
4,01808.png,2,3,1
4,01809.png,2,5,2
4,01810.png,2,6,2
4,01811.png,1,3,1
4,01812.png,2,5,3
4,01813.png,2,5,3
4,01814.png,2,2,1
4,01815.png,1,2,1
4,01816.png,2,5,3
4,01817.png,2,3,1
4,01818.png,2,5,3
4,01819.png,2,3,1
4,01820.png,2,3,1
4,01821.png,2,5,3
4,01822.png,0,0,0
4,01823.png,3,1,1
4,01824.png,2,5,3
4,01825.png,2,2,1
4,01826.png,2,3,1
4,01827.png,2,5,2
4,01828.png,1,3,1
4,01829.png,2,5,2
4,01830.png,1,1,1
4,01831.png,2,3,1
4,01832.png,1,3,1
4,01833.png,2,2,1
4,01834.png,1,3,1
4,01835.png,2,5,3
4,01836.png,0,0,0
4,01837.png,2,5,2
4,01838.png,2,5,2
4,01839.png,2,3,1
4,01840.png,2,5,3
4,01841.png,1,3,1
4,01842.png,0,0,0
4,01843.png,1,3,1
4,01844.png,1,3,1
4,01845.png,2,5,2
4,01846.png,2,2,1
4,01847.png,2,2,1
4,01848.png,2,4,1
4,01849.png,2,5,2
4,01850.png,2,5,2
4,01851.png,2,5,2
4,01852.png,1,2,1
4,01853.png,2,3,1
4,01854.png,2,5,3
4,01855.png,1,3,1
4,01856.png,1,3,1
4,01857.png,2,5,3
4,01858.png,3,2,1
4,01859.png,2,4,1
4,01860.png,2,3,1
4,01861.png,2,3,1
4,01862.png,1,3,1
4,01863.png,2,4,1
4,01864.png,1,4,1
4,01865.png,2,5,3
4,01866.png,1,3,1
4,01867.png,2,3,1
4,01868.png,2,5,2
4,01869.png,3,2,1
4,01870.png,3,2,1
4,01871.png,2,6,3
4,01872.png,2,4,1
4,01873.png,2,5,2
4,01874.png,2,3,1
4,01875.png,2,2,1
4,01876.png,1,3,1
4,01877.png,2,5,2
4,01878.png,2,5,3
4,01879.png,2,3,1
4,01880.png,2,3,1
4,01881.png,1,3,1
4,01882.png,2,5,2
4,01883.png,2,5,2
4,01884.png,1,3,1
4,01885.png,1,3,1
4,01886.png,1,3,1
4,01887.png,3,1,1
4,01888.png,1,3,1
4,01889.png,1,3,1
4,01890.png,2,3,1
4,01891.png,2,1,1
4,01892.png,2,3,1
4,01893.png,1,3,1
4,01894.png,2,4,1
4,01895.png,2,3,1
4,01896.png,1,4,1
4,01897.png,2,3,1
4,01898.png,1,2,1
4,01899.png,2,3,1
4,01900.png,2,1,1
4,01901.png,2,5,2
4,01902.png,2,5,2
4,01903.png,2,5,3
4,01904.png,1,4,1
4,01905.png,2,3,1
4,01906.png,1,4,1
4,01907.png,3,1,1
4,01908.png,2,2,1
4,01909.png,2,3,1
4,01910.png,1,1,1
4,01911.png,2,5,3
4,01912.png,1,3,1
4,01913.png,2,4,1
4,01914.png,1,3,1
4,01915.png,2,3,1
4,01916.png,2,5,2
4,01917.png,2,5,2
4,01918.png,2,3,1
4,01919.png,0,0,0
4,01920.png,3,2,1
4,01921.png,0,0,0
4,01922.png,2,5,3
4,01923.png,2,5,2
4,01924.png,2,5,3
4,01925.png,1,4,1
4,01926.png,1,3,1
4,01927.png,2,5,3
4,01928.png,1,3,1
4,01929.png,3,1,1
4,01930.png,1,3,1
4,01931.png,3,1,1
4,01932.png,3,2,1
4,01933.png,1,3,1
4,01934.png,2,5,2
4,01935.png,3,2,1
4,01936.png,2,5,3
4,01937.png,3,1,1
4,01938.png,1,3,1
4,01939.png,2,5,2
4,01940.png,1,3,1
4,01941.png,2,3,1
4,01942.png,3,2,1
4,01943.png,2,2,1
4,01944.png,3,2,1
4,01945.png,3,2,1
4,01946.png,2,5,3
4,01947.png,1,3,1
4,01948.png,1,3,1
4,01949.png,3,2,1
4,01950.png,2,5,3
4,01951.png,3,1,1
4,01952.png,3,2,1
4,01953.png,2,4,1
4,01954.png,0,0,0
4,01955.png,3,2,1
4,01956.png,3,2,1
4,01957.png,2,5,3
4,01958.png,1,3,1
4,01959.png,2,5,2
4,01960.png,2,1,1
4,01961.png,2,5,2
4,01962.png,1,2,1
4,01963.png,1,2,1
4,01964.png,2,3,1
4,01965.png,3,1,1
4,01966.png,1,1,1
4,01967.png,2,5,2
4,01968.png,1,3,1
4,01969.png,1,2,1
4,01970.png,2,5,3
4,01971.png,2,3,1
4,01972.png,2,3,1
4,01973.png,2,5,2
4,01974.png,2,3,1
4,01975.png,2,3,1
4,01976.png,2,4,1
4,01977.png,2,2,1
4,01978.png,2,4,1
4,01979.png,2,5,3
4,01980.png,3,2,1
4,01981.png,2,5,3
4,01982.png,3,2,1
4,01983.png,0,0,0
4,01984.png,0,0,0
4,01985.png,1,2,1
4,01986.png,2,3,1
4,01987.png,1,3,1
4,01988.png,1,2,1
4,01989.png,0,0,0
4,01990.png,3,2,1
4,01991.png,2,5,2
4,01992.png,2,4,1
4,01993.png,2,4,1
4,01994.png,3,1,1
4,01995.png,1,3,1
4,01996.png,3,2,1
4,01997.png,2,5,3
4,01998.png,1,3,1
4,01999.png,0,0,0
4,02000.png,2,5,3
5,02001.png,3,1,1
5,02002.png,1,2,1
5,02003.png,1,3,1
5,02004.png,1,3,1
5,02005.png,2,5,2
5,02006.png,3,2,1
5,02007.png,1,3,1
5,02008.png,2,5,2
5,02009.png,0,0,0
5,02010.png,3,2,1
5,02011.png,2,5,3
5,02012.png,1,3,1
5,02013.png,1,3,1
5,02014.png,2,5,3
5,02015.png,3,1,1
5,02016.png,1,3,1
5,02017.png,2,5,2
5,02018.png,2,5,3
5,02019.png,3,1,1
5,02020.png,2,2,1
5,02021.png,1,3,1
5,02022.png,0,0,0
5,02023.png,1,3,1
5,02024.png,2,5,3
5,02025.png,2,5,2
5,02026.png,2,5,2
5,02027.png,2,4,1
5,02028.png,1,1,1
5,02029.png,2,5,3
5,02030.png,3,1,1
5,02031.png,3,2,1
5,02032.png,2,5,2
5,02033.png,2,5,2
5,02034.png,1,1,1
5,02035.png,2,5,3
5,02036.png,1,1,1
5,02037.png,3,2,1
5,02038.png,2,3,1
5,02039.png,2,5,2
5,02040.png,2,5,3
5,02041.png,3,2,1
5,02042.png,3,2,1
5,02043.png,3,2,1
5,02044.png,2,2,1
5,02045.png,2,4,1
5,02046.png,2,4,1
5,02047.png,3,2,1
5,02048.png,1,2,1
5,02049.png,1,3,1
5,02050.png,2,5,2
5,02051.png,2,5,3
5,02052.png,1,4,1
5,02053.png,2,4,1
5,02054.png,1,3,1
5,02055.png,2,3,1
5,02056.png,2,5,2
5,02057.png,1,4,1
5,02058.png,1,4,1
5,02059.png,2,3,1
5,02060.png,2,5,3
5,02061.png,3,2,1
5,02062.png,0,1,0
5,02063.png,3,2,1
5,02064.png,2,6,3
5,02065.png,2,2,1
5,02066.png,1,4,1
5,02067.png,3,2,1
5,02068.png,1,3,1
5,02069.png,2,5,3
5,02070.png,1,3,1
5,02071.png,2,5,2
5,02072.png,2,3,1
5,02073.png,2,4,1
5,02074.png,2,4,1
5,02075.png,2,5,2
5,02076.png,1,1,1
5,02077.png,1,3,1
5,02078.png,3,2,1
5,02079.png,3,2,1
5,02080.png,2,6,3
5,02081.png,1,3,1
5,02082.png,2,5,3
5,02083.png,1,3,1
5,02084.png,1,4,1
5,02085.png,1,3,1
5,02086.png,2,5,2
5,02087.png,1,4,1
5,02088.png,2,5,3
5,02089.png,2,4,1
5,02090.png,2,2,1
5,02091.png,3,2,1
5,02092.png,1,2,1
5,02093.png,2,4,1
5,02094.png,2,5,3
5,02095.png,3,2,1
5,02096.png,2,5,2
5,02097.png,2,4,1
5,02098.png,1,3,1
5,02099.png,3,2,1
5,02100.png,3,2,1
5,02101.png,1,3,1
5,02102.png,1,3,1
5,02103.png,1,3,1
5,02104.png,1,3,1
5,02105.png,3,1,1
5,02106.png,2,3,1
5,02107.png,1,3,1
5,02108.png,1,3,1
5,02109.png,2,3,1
5,02110.png,1,4,1
5,02111.png,1,3,1
5,02112.png,2,3,1
5,02113.png,2,5,2
5,02114.png,2,3,1
5,02115.png,2,5,3
5,02116.png,2,5,3
5,02117.png,2,2,1
5,02118.png,3,1,1
5,02119.png,3,1,1
5,02120.png,1,3,1
5,02121.png,3,2,1
5,02122.png,3,1,1
5,02123.png,1,4,1
5,02124.png,3,2,1
5,02125.png,2,4,1
5,02126.png,1,4,1
5,02127.png,2,5,3
5,02128.png,2,4,1
5,02129.png,2,5,2
5,02130.png,3,2,1
5,02131.png,1,3,1
5,02132.png,2,3,1
5,02133.png,1,4,1
5,02134.png,2,5,3
5,02135.png,2,3,1
5,02136.png,2,4,1
5,02137.png,2,3,1
5,02138.png,1,3,1
5,02139.png,2,2,1
5,02140.png,3,2,1
5,02141.png,1,1,1
5,02142.png,1,3,1
5,02143.png,0,0,0
5,02144.png,0,0,0
5,02145.png,2,5,3
5,02146.png,1,4,1
5,02147.png,1,4,1
5,02148.png,3,1,1
5,02149.png,1,3,1
5,02150.png,3,1,1
5,02151.png,2,5,2
5,02152.png,1,3,1
5,02153.png,3,2,1
5,02154.png,1,3,1
5,02155.png,2,5,3
5,02156.png,1,3,1
5,02157.png,3,2,1
5,02158.png,1,3,1
5,02159.png,2,4,1
5,02160.png,2,4,1
5,02161.png,2,2,1
5,02162.png,3,2,1
5,02163.png,2,3,1
5,02164.png,2,5,2
5,02165.png,1,1,1
5,02166.png,3,1,1
5,02167.png,3,1,1
5,02168.png,3,2,1
5,02169.png,2,3,1
5,02170.png,0,0,0
5,02171.png,2,5,3
5,02172.png,2,5,2
5,02173.png,2,5,3
5,02174.png,0,0,0
5,02175.png,3,1,1
5,02176.png,2,5,3
5,02177.png,2,5,3
5,02178.png,2,5,3
5,02179.png,2,4,1
5,02180.png,2,4,1
5,02181.png,3,1,1
5,02182.png,3,1,1
5,02183.png,3,1,1
5,02184.png,1,3,1
5,02185.png,2,3,1
5,02186.png,2,5,3
5,02187.png,3,1,1
5,02188.png,2,5,3
5,02189.png,1,3,1
5,02190.png,3,1,1
5,02191.png,2,5,2
5,02192.png,2,3,1
5,02193.png,2,1,1
5,02194.png,3,1,1
5,02195.png,2,5,3
5,02196.png,2,5,3
5,02197.png,1,2,1
5,02198.png,1,2,1
5,02199.png,2,4,1
5,02200.png,0,0,0
5,02201.png,2,5,2
5,02202.png,2,5,3
5,02203.png,3,2,1
5,02204.png,3,2,1
5,02205.png,1,3,1
5,02206.png,2,5,3
5,02207.png,3,1,1
5,02208.png,2,3,1
5,02209.png,2,4,1
5,02210.png,2,4,1
5,02211.png,3,1,1
5,02212.png,3,1,1
5,02213.png,3,1,1
5,02214.png,2,4,1
5,02215.png,3,2,1
5,02216.png,2,5,2
5,02217.png,2,5,2
5,02218.png,2,5,3
5,02219.png,3,1,1
5,02220.png,2,1,1
5,02221.png,1,3,1
5,02222.png,2,3,1
5,02223.png,2,5,3
5,02224.png,3,2,1
5,02225.png,3,2,1
5,02226.png,3,1,1
5,02227.png,3,1,1
5,02228.png,3,1,1
5,02229.png,2,5,3
5,02230.png,2,5,3
5,02231.png,2,4,1
5,02232.png,2,3,1
5,02233.png,2,1,1
5,02234.png,2,4,1
5,02235.png,2,5,2
5,02236.png,1,3,1
5,02237.png,3,2,1
5,02238.png,2,2,1
5,02239.png,2,5,3
5,02240.png,3,1,1
5,02241.png,3,1,1
5,02242.png,3,1,1
5,02243.png,3,2,1
5,02244.png,2,2,1
5,02245.png,3,2,1
5,02246.png,2,2,1
5,02247.png,2,1,1
5,02248.png,3,1,1
5,02249.png,3,2,1
5,02250.png,2,5,2
5,02251.png,1,1,1
5,02252.png,1,1,1
5,02253.png,2,4,1
5,02254.png,2,5,2
5,02255.png,1,4,1
5,02256.png,1,3,1
5,02257.png,2,5,2
5,02258.png,2,5,2
5,02259.png,3,2,1
5,02260.png,3,2,1
5,02261.png,2,2,1
5,02262.png,2,4,1
5,02263.png,2,5,2
5,02264.png,0,0,0
5,02265.png,2,5,2
5,02266.png,3,1,1
5,02267.png,1,3,1
5,02268.png,3,1,1
5,02269.png,3,1,1
5,02270.png,3,1,1
5,02271.png,1,4,1
5,02272.png,3,2,1
5,02273.png,3,2,1
5,02274.png,3,2,1
5,02275.png,2,5,3
5,02276.png,1,4,1
5,02277.png,2,5,2
5,02278.png,3,1,1
5,02279.png,3,2,1
5,02280.png,3,1,1
5,02281.png,3,2,1
5,02282.png,0,1,0
5,02283.png,0,1,0
5,02284.png,1,3,1
5,02285.png,2,5,2
5,02286.png,2,5,2
5,02287.png,3,1,1
5,02288.png,2,2,1
5,02289.png,2,2,1
5,02290.png,2,5,3
5,02291.png,2,5,3
5,02292.png,2,5,3
5,02293.png,2,5,3
5,02294.png,2,5,3
5,02295.png,1,2,1
5,02296.png,1,3,1
5,02297.png,3,2,1
5,02298.png,1,3,1
5,02299.png,3,2,1
5,02300.png,3,2,1
5,02301.png,3,2,1
5,02302.png,1,4,1
5,02303.png,3,2,1
5,02304.png,3,2,1
5,02305.png,3,2,1
5,02306.png,2,5,3
5,02307.png,2,5,2
5,02308.png,3,2,1
5,02309.png,1,3,1
5,02310.png,2,5,2
5,02311.png,2,5,3
5,02312.png,1,4,1
5,02313.png,3,1,1
5,02314.png,3,1,1
5,02315.png,3,2,1
5,02316.png,2,5,3
5,02317.png,3,1,1
5,02318.png,2,5,3
5,02319.png,1,3,1
5,02320.png,3,1,1
5,02321.png,2,5,2
5,02322.png,0,0,0
5,02323.png,3,2,1
5,02324.png,1,4,1
5,02325.png,2,5,2
5,02326.png,2,2,1
5,02327.png,3,1,1
5,02328.png,3,1,1
5,02329.png,2,3,1
5,02330.png,1,3,1
5,02331.png,1,3,1
5,02332.png,2,5,2
5,02333.png,1,3,1
5,02334.png,3,1,1
5,02335.png,1,4,1
5,02336.png,3,1,1
5,02337.png,3,1,1
5,02338.png,2,5,2
5,02339.png,2,2,1
5,02340.png,1,4,1
5,02341.png,1,3,1
5,02342.png,3,2,1
5,02343.png,2,4,1
5,02344.png,1,3,1
5,02345.png,1,3,1
5,02346.png,2,2,1
5,02347.png,1,3,1
5,02348.png,0,0,0
5,02349.png,1,3,1
5,02350.png,2,4,1
5,02351.png,2,2,1
5,02352.png,2,4,1
5,02353.png,2,5,3
5,02354.png,3,2,1
5,02355.png,1,3,1
5,02356.png,1,3,1
5,02357.png,2,4,1
5,02358.png,3,1,1
5,02359.png,1,3,1
5,02360.png,3,2,1
5,02361.png,1,1,1
5,02362.png,2,4,1
5,02363.png,2,5,2
5,02364.png,0,0,0
5,02365.png,3,2,1
5,02366.png,0,0,0
5,02367.png,1,3,1
5,02368.png,3,2,1
5,02369.png,0,0,0
5,02370.png,3,2,1
5,02371.png,1,3,1
5,02372.png,2,3,1
5,02373.png,2,4,1
5,02374.png,1,3,1
5,02375.png,1,3,1
5,02376.png,2,5,3
5,02377.png,2,5,2
5,02378.png,3,2,1
5,02379.png,1,3,1
5,02380.png,1,3,1
5,02381.png,1,3,1
5,02382.png,3,2,1
5,02383.png,2,5,3
5,02384.png,1,1,1
5,02385.png,2,5,3
5,02386.png,2,5,2
5,02387.png,0,0,0
5,02388.png,1,3,1
5,02389.png,0,0,0
5,02390.png,2,4,1
5,02391.png,2,3,1
5,02392.png,3,2,1
5,02393.png,2,5,2
5,02394.png,1,3,1
5,02395.png,3,2,1
5,02396.png,0,1,0
5,02397.png,0,0,0
5,02398.png,0,0,0
5,02399.png,0,0,0
5,02400.png,2,5,2
5,02401.png,1,4,1
5,02402.png,1,4,1
5,02403.png,2,5,3
5,02404.png,3,2,1
5,02405.png,3,2,1
5,02406.png,0,0,0
5,02407.png,1,4,1
5,02408.png,2,5,3
5,02409.png,0,0,0
5,02410.png,2,4,1
5,02411.png,0,0,0
5,02412.png,2,3,1
5,02413.png,3,2,1
5,02414.png,3,2,1
5,02415.png,0,0,0
5,02416.png,3,2,1
5,02417.png,3,2,1
5,02418.png,1,4,1
5,02419.png,1,3,1
5,02420.png,0,0,0
5,02421.png,2,5,3
5,02422.png,0,0,0
5,02423.png,0,0,0
5,02424.png,2,5,2
5,02425.png,2,5,3
5,02426.png,2,5,2
5,02427.png,2,4,1
5,02428.png,2,5,3
5,02429.png,2,5,2
5,02430.png,0,0,0
5,02431.png,2,4,1
5,02432.png,2,5,2
5,02433.png,3,1,1
5,02434.png,2,3,1
5,02435.png,2,5,2
5,02436.png,2,5,2
5,02437.png,0,0,0
5,02438.png,2,3,1
5,02439.png,2,3,1
5,02440.png,0,0,0
5,02441.png,2,5,3
5,02442.png,1,1,1
5,02443.png,3,2,1
5,02444.png,1,3,1
5,02445.png,3,1,1
5,02446.png,2,3,1
5,02447.png,2,3,1
5,02448.png,1,3,1
5,02449.png,0,0,0
5,02450.png,2,5,3
5,02451.png,1,3,1
5,02452.png,0,0,0
5,02453.png,1,3,1
5,02454.png,2,3,1
5,02455.png,1,1,1
5,02456.png,2,3,1
5,02457.png,1,3,1
5,02458.png,0,0,0
5,02459.png,1,3,1
5,02460.png,2,5,2
5,02461.png,2,5,3
5,02462.png,1,2,1
5,02463.png,2,3,1
5,02464.png,2,2,1
5,02465.png,2,5,2
5,02466.png,2,4,1
5,02467.png,3,2,1
5,02468.png,3,1,1
5,02469.png,2,3,1
5,02470.png,2,4,1
5,02471.png,2,4,1
5,02472.png,2,1,1
5,02473.png,2,1,1
5,02474.png,2,5,3
5,02475.png,3,2,1
5,02476.png,2,3,1
5,02477.png,1,3,1
5,02478.png,2,3,1
5,02479.png,2,2,1
5,02480.png,2,4,1
5,02481.png,2,2,1
5,02482.png,1,3,1
5,02483.png,1,4,1
5,02484.png,2,4,1
5,02485.png,2,5,3
5,02486.png,3,1,1
5,02487.png,3,1,1
5,02488.png,2,3,1
5,02489.png,3,1,1
5,02490.png,0,0,0
5,02491.png,1,4,1
5,02492.png,2,3,1
5,02493.png,2,4,1
5,02494.png,1,1,1
5,02495.png,2,5,2
5,02496.png,2,5,3
5,02497.png,3,2,1
5,02498.png,2,5,2
5,02499.png,2,4,1
5,02500.png,1,4,1
6,02501.png,2,5,3
6,02502.png,2,5,3
6,02503.png,3,1,1
6,02504.png,2,2,1
6,02505.png,2,5,3
6,02506.png,2,5,3
6,02507.png,2,5,3
6,02508.png,2,4,1
6,02509.png,3,2,1
6,02510.png,2,4,1
6,02511.png,2,5,3
6,02512.png,2,5,2
6,02513.png,2,3,1
6,02514.png,2,3,1
6,02515.png,2,5,3
6,02516.png,2,5,2
6,02517.png,2,5,3
6,02518.png,0,0,0
6,02519.png,2,5,2
6,02520.png,3,2,1
6,02521.png,0,1,0
6,02522.png,0,0,0
6,02523.png,1,1,1
6,02524.png,1,3,1
6,02525.png,3,2,1
6,02526.png,2,4,1
6,02527.png,2,5,2
6,02528.png,2,5,3
6,02529.png,1,3,1
6,02530.png,2,5,2
6,02531.png,1,3,1
6,02532.png,1,3,1
6,02533.png,1,3,1
6,02534.png,1,3,1
6,02535.png,2,3,1
6,02536.png,2,5,3
6,02537.png,3,2,1
6,02538.png,2,5,3
6,02539.png,2,5,2
6,02540.png,1,4,1
6,02541.png,1,3,1
6,02542.png,2,5,2
6,02543.png,1,3,1
6,02544.png,3,2,1
6,02545.png,3,2,1
6,02546.png,2,5,2
6,02547.png,2,5,3
6,02548.png,0,0,0
6,02549.png,2,5,3
6,02550.png,2,5,2
6,02551.png,3,2,1
6,02552.png,2,5,3
6,02553.png,2,5,3
6,02554.png,2,3,1
6,02555.png,3,2,1
6,02556.png,1,2,1
6,02557.png,3,2,1
6,02558.png,2,5,3
6,02559.png,3,2,1
6,02560.png,1,3,1
6,02561.png,3,2,1
6,02562.png,1,3,1
6,02563.png,2,4,1
6,02564.png,2,5,3
6,02565.png,0,1,0
6,02566.png,2,5,2
6,02567.png,1,3,1
6,02568.png,0,0,0
6,02569.png,2,3,1
6,02570.png,2,5,2
6,02571.png,1,4,1
6,02572.png,3,1,1
6,02573.png,1,3,1
6,02574.png,1,3,1
6,02575.png,1,3,1
6,02576.png,0,0,0
6,02577.png,0,1,0
6,02578.png,1,4,1
6,02579.png,3,1,1
6,02580.png,1,4,1
6,02581.png,3,1,1
6,02582.png,2,3,1
6,02583.png,1,3,1
6,02584.png,2,4,1
6,02585.png,1,3,1
6,02586.png,0,0,0
6,02587.png,2,3,1
6,02588.png,0,0,0
6,02589.png,3,1,1
6,02590.png,3,1,1
6,02591.png,2,2,1
6,02592.png,2,3,1
6,02593.png,3,1,1
6,02594.png,0,1,0
6,02595.png,1,3,1
6,02596.png,2,4,1
6,02597.png,3,1,1
6,02598.png,2,5,3
6,02599.png,3,1,1
6,02600.png,2,3,1
6,02601.png,3,2,1
6,02602.png,2,5,3
6,02603.png,1,4,1
6,02604.png,3,2,1
6,02605.png,3,2,1
6,02606.png,2,5,3
6,02607.png,0,0,0
6,02608.png,2,5,3
6,02609.png,0,0,0
6,02610.png,3,1,1
6,02611.png,3,1,1
6,02612.png,2,5,2
6,02613.png,3,2,1
6,02614.png,1,3,1
6,02615.png,3,1,1
6,02616.png,2,4,1
6,02617.png,1,3,1
6,02618.png,1,4,1
6,02619.png,0,0,0
6,02620.png,3,1,1
6,02621.png,1,3,1
6,02622.png,3,2,1
6,02623.png,2,3,1
6,02624.png,0,0,0
6,02625.png,0,0,0
6,02626.png,2,3,1
6,02627.png,2,5,2
6,02628.png,0,0,0
6,02629.png,2,3,1
6,02630.png,2,4,1
6,02631.png,3,1,1
6,02632.png,2,5,2
6,02633.png,1,4,1
6,02634.png,1,3,1
6,02635.png,3,1,1
6,02636.png,2,3,1
6,02637.png,3,2,1
6,02638.png,1,4,1
6,02639.png,2,5,3
6,02640.png,0,0,0
6,02641.png,0,0,0
6,02642.png,1,3,1
6,02643.png,2,5,2
6,02644.png,2,3,1
6,02645.png,2,3,1
6,02646.png,2,5,2
6,02647.png,3,1,1
6,02648.png,0,0,0
6,02649.png,2,5,3
6,02650.png,2,4,1
6,02651.png,0,0,0
6,02652.png,1,3,1
6,02653.png,3,2,1
6,02654.png,1,4,1
6,02655.png,1,2,1
6,02656.png,2,3,1
6,02657.png,0,0,0
6,02658.png,3,2,1
6,02659.png,3,2,1
6,02660.png,2,5,3
6,02661.png,2,5,2
6,02662.png,3,2,1
6,02663.png,0,0,0
6,02664.png,3,1,1
6,02665.png,1,3,1
6,02666.png,2,2,1
6,02667.png,2,4,1
6,02668.png,2,5,2
6,02669.png,0,0,0
6,02670.png,2,4,1
6,02671.png,2,5,2
6,02672.png,2,5,3
6,02673.png,2,5,3
6,02674.png,1,4,1
6,02675.png,3,2,1
6,02676.png,0,0,0
6,02677.png,2,5,3
6,02678.png,2,5,3
6,02679.png,0,0,0
6,02680.png,2,5,3
6,02681.png,0,0,0
6,02682.png,0,0,0
6,02683.png,3,2,1
6,02684.png,2,5,3
6,02685.png,1,3,1
6,02686.png,0,0,0
6,02687.png,2,5,3
6,02688.png,3,2,1
6,02689.png,1,2,1
6,02690.png,2,5,3
6,02691.png,3,1,1
6,02692.png,3,2,1
6,02693.png,1,4,1
6,02694.png,1,2,1
6,02695.png,3,2,1
6,02696.png,3,2,1
6,02697.png,2,2,1
6,02698.png,2,2,1
6,02699.png,0,0,0
6,02700.png,1,3,1
6,02701.png,3,2,1
6,02702.png,2,5,2
6,02703.png,1,4,1
6,02704.png,2,5,2
6,02705.png,1,4,1
6,02706.png,0,0,0
6,02707.png,2,5,2
6,02708.png,2,5,3
6,02709.png,1,4,1
6,02710.png,2,5,3
6,02711.png,2,5,3
6,02712.png,2,5,3
6,02713.png,2,5,2
6,02714.png,0,0,0
6,02715.png,2,5,3
6,02716.png,2,5,3
6,02717.png,1,4,1
6,02718.png,1,4,1
6,02719.png,2,5,3
6,02720.png,2,2,1
6,02721.png,2,4,1
6,02722.png,3,2,1
6,02723.png,2,5,2
6,02724.png,2,3,1
6,02725.png,3,2,1
6,02726.png,2,3,1
6,02727.png,1,4,1
6,02728.png,2,5,2
6,02729.png,2,5,3
6,02730.png,3,1,1
6,02731.png,1,3,1
6,02732.png,3,1,1
6,02733.png,2,2,1
6,02734.png,3,1,1
6,02735.png,2,2,1
6,02736.png,1,4,1
6,02737.png,2,4,1
6,02738.png,2,5,3
6,02739.png,1,3,1
6,02740.png,2,5,3
6,02741.png,0,0,0
6,02742.png,1,3,1
6,02743.png,2,5,3
6,02744.png,3,2,1
6,02745.png,2,5,3
6,02746.png,3,2,1
6,02747.png,1,3,1
6,02748.png,2,4,1
6,02749.png,1,3,1
6,02750.png,1,3,1
6,02751.png,3,1,1
6,02752.png,1,3,1
6,02753.png,2,3,1
6,02754.png,1,4,1
6,02755.png,0,0,0
6,02756.png,2,5,3
6,02757.png,2,4,1
6,02758.png,2,5,3
6,02759.png,2,5,3
6,02760.png,3,2,1
6,02761.png,1,2,1
6,02762.png,2,5,3
6,02763.png,3,1,1
6,02764.png,2,5,2
6,02765.png,3,2,1
6,02766.png,3,1,1
6,02767.png,2,3,1
6,02768.png,1,4,1
6,02769.png,2,5,3
6,02770.png,0,0,0
6,02771.png,3,1,1
6,02772.png,0,0,0
6,02773.png,3,1,1
6,02774.png,0,1,0
6,02775.png,2,3,1
6,02776.png,1,3,1
6,02777.png,1,4,1
6,02778.png,3,1,1
6,02779.png,2,4,1
6,02780.png,3,1,1
6,02781.png,3,2,1
6,02782.png,2,5,2
6,02783.png,2,5,3
6,02784.png,2,3,1
6,02785.png,0,0,0
6,02786.png,2,5,2
6,02787.png,0,0,0
6,02788.png,3,2,1
6,02789.png,2,5,2
6,02790.png,2,1,1
6,02791.png,2,3,1
6,02792.png,3,2,1
6,02793.png,3,1,1
6,02794.png,3,1,1
6,02795.png,2,5,3
6,02796.png,2,3,1
6,02797.png,1,3,1
6,02798.png,0,0,0
6,02799.png,2,4,1
6,02800.png,2,2,1
6,02801.png,2,1,1
6,02802.png,2,3,1
6,02803.png,1,4,1
6,02804.png,1,3,1
6,02805.png,1,3,1
6,02806.png,0,0,0
6,02807.png,1,3,1
6,02808.png,3,2,1
6,02809.png,1,3,1
6,02810.png,2,2,1
6,02811.png,3,1,1
6,02812.png,1,3,1
6,02813.png,3,1,1
6,02814.png,0,0,0
6,02815.png,1,4,1
6,02816.png,0,0,0
6,02817.png,1,4,1
6,02818.png,2,5,2
6,02819.png,1,4,1
6,02820.png,1,4,1
6,02821.png,0,0,0
6,02822.png,2,5,2
6,02823.png,3,1,1
6,02824.png,0,0,0
6,02825.png,3,2,1
6,02826.png,0,0,0
6,02827.png,3,2,1
6,02828.png,0,0,0
6,02829.png,3,1,1
6,02830.png,3,1,1
6,02831.png,3,2,1
6,02832.png,0,0,0
6,02833.png,2,5,3
6,02834.png,0,0,0
6,02835.png,3,1,1
6,02836.png,0,0,0
6,02837.png,0,0,0
6,02838.png,3,1,1
6,02839.png,2,5,2
6,02840.png,0,0,0
6,02841.png,1,4,1
6,02842.png,3,1,1
6,02843.png,0,0,0
6,02844.png,1,3,1
6,02845.png,2,5,3
6,02846.png,3,1,1
6,02847.png,2,5,3
6,02848.png,2,5,3
6,02849.png,2,2,1
6,02850.png,3,2,1
6,02851.png,2,5,2
6,02852.png,3,2,1
6,02853.png,3,2,1
6,02854.png,3,1,1
6,02855.png,2,4,1
6,02856.png,2,5,2
6,02857.png,2,4,1
6,02858.png,0,1,0
6,02859.png,3,2,1
6,02860.png,3,2,1
6,02861.png,3,1,1
6,02862.png,3,1,1
6,02863.png,1,2,1
6,02864.png,3,1,1
6,02865.png,1,4,1
6,02866.png,3,2,1
6,02867.png,3,2,1
6,02868.png,2,5,3
6,02869.png,1,4,1
6,02870.png,2,5,2
6,02871.png,2,3,1
6,02872.png,2,5,2
6,02873.png,0,1,0
6,02874.png,1,2,1
6,02875.png,2,5,2
6,02876.png,2,5,3
6,02877.png,2,5,3
6,02878.png,1,3,1
6,02879.png,2,4,1
6,02880.png,2,3,1
6,02881.png,1,3,1
6,02882.png,1,3,1
6,02883.png,2,5,3
6,02884.png,1,3,1
6,02885.png,2,4,1
6,02886.png,2,3,1
6,02887.png,3,1,1
6,02888.png,2,5,3
6,02889.png,3,2,1
6,02890.png,2,4,1
6,02891.png,1,4,1
6,02892.png,0,0,0
6,02893.png,2,4,1
6,02894.png,2,5,2
6,02895.png,3,1,1
6,02896.png,0,1,0
6,02897.png,2,5,2
6,02898.png,2,4,1
6,02899.png,2,3,1
6,02900.png,2,2,1
6,02901.png,0,0,0
6,02902.png,2,5,3
6,02903.png,2,5,3
6,02904.png,2,4,1
6,02905.png,2,5,3
6,02906.png,3,2,1
6,02907.png,3,1,1
6,02908.png,3,1,1
6,02909.png,2,5,3
6,02910.png,3,2,1
6,02911.png,2,3,1
6,02912.png,2,5,3
6,02913.png,2,2,1
6,02914.png,1,4,1
6,02915.png,2,5,3
6,02916.png,1,4,1
6,02917.png,2,2,1
6,02918.png,1,4,1
6,02919.png,1,3,1
6,02920.png,1,3,1
6,02921.png,1,3,1
6,02922.png,1,3,1
6,02923.png,1,4,1
6,02924.png,1,2,1
6,02925.png,3,1,1
6,02926.png,2,5,2
6,02927.png,1,4,1
6,02928.png,3,2,1
6,02929.png,2,4,1
6,02930.png,0,0,0
6,02931.png,0,1,0
6,02932.png,1,3,1
6,02933.png,1,4,1
6,02934.png,2,3,1
6,02935.png,1,3,1
6,02936.png,1,3,1
6,02937.png,2,2,1
6,02938.png,1,4,1
6,02939.png,2,4,1
6,02940.png,2,5,3
6,02941.png,3,1,1
6,02942.png,0,0,0
6,02943.png,2,4,1
6,02944.png,2,5,3
6,02945.png,0,0,0
6,02946.png,2,2,1
6,02947.png,2,2,1
6,02948.png,1,3,1
6,02949.png,2,4,1
6,02950.png,2,2,1
6,02951.png,2,2,1
6,02952.png,2,5,2
6,02953.png,2,4,1
6,02954.png,0,0,0
6,02955.png,2,5,3
6,02956.png,2,3,1
6,02957.png,3,1,1
6,02958.png,2,5,3
6,02959.png,2,5,2
6,02960.png,3,1,1
6,02961.png,2,3,1
6,02962.png,2,5,3
6,02963.png,2,5,2
6,02964.png,2,4,1
6,02965.png,1,4,1
6,02966.png,2,3,1
6,02967.png,3,1,1
6,02968.png,2,4,1
6,02969.png,3,2,1
6,02970.png,3,1,1
6,02971.png,0,0,0
6,02972.png,0,0,0
6,02973.png,1,3,1
6,02974.png,3,1,1
6,02975.png,3,1,1
6,02976.png,1,3,1
6,02977.png,3,1,1
6,02978.png,0,0,0
6,02979.png,1,3,1
6,02980.png,1,2,1
6,02981.png,2,5,3
6,02982.png,1,3,1
6,02983.png,3,1,1
6,02984.png,3,2,1
6,02985.png,3,1,1
6,02986.png,3,1,1
6,02987.png,0,0,0
6,02988.png,0,0,0
6,02989.png,2,5,3
6,02990.png,2,2,1
6,02991.png,3,1,1
6,02992.png,2,5,3
6,02993.png,2,3,1
6,02994.png,1,3,1
6,02995.png,2,5,3
6,02996.png,2,5,3
6,02997.png,3,1,1
6,02998.png,1,3,1
6,02999.png,1,3,1
6,03000.png,1,2,1
7,03001.png,3,1,1
7,03002.png,1,3,1
7,03003.png,3,1,1
7,03004.png,2,5,3
7,03005.png,3,1,1
7,03006.png,3,1,1
7,03007.png,3,1,1
7,03008.png,1,3,1
7,03009.png,3,1,1
7,03010.png,3,1,1
7,03011.png,1,3,1
7,03012.png,3,1,1
7,03013.png,1,3,1
7,03014.png,3,1,1
7,03015.png,2,5,3
7,03016.png,3,1,1
7,03017.png,3,1,1
7,03018.png,3,1,1
7,03019.png,2,5,2
7,03020.png,2,5,2
7,03021.png,3,1,1
7,03022.png,2,5,3
7,03023.png,2,5,2
7,03024.png,2,4,1
7,03025.png,3,1,1
7,03026.png,1,2,1
7,03027.png,3,1,1
7,03028.png,3,1,1
7,03029.png,3,1,1
7,03030.png,2,5,3
7,03031.png,3,1,1
7,03032.png,1,4,1
7,03033.png,3,2,1
7,03034.png,3,1,1
7,03035.png,2,2,1
7,03036.png,2,2,1
7,03037.png,3,2,1
7,03038.png,3,2,1
7,03039.png,3,1,1
7,03040.png,2,2,1
7,03041.png,2,5,3
7,03042.png,2,5,3
7,03043.png,3,2,1
7,03044.png,3,2,1
7,03045.png,3,1,1
7,03046.png,3,2,1
7,03047.png,2,5,3
7,03048.png,3,2,1
7,03049.png,2,2,1
7,03050.png,3,1,1
7,03051.png,3,1,1
7,03052.png,1,3,1
7,03053.png,2,5,2
7,03054.png,2,3,1
7,03055.png,2,4,1
7,03056.png,3,1,1
7,03057.png,1,3,1
7,03058.png,2,5,3
7,03059.png,2,5,3
7,03060.png,2,4,1
7,03061.png,2,3,1
7,03062.png,2,5,3
7,03063.png,3,1,1
7,03064.png,2,5,3
7,03065.png,3,1,1
7,03066.png,3,2,1
7,03067.png,3,2,1
7,03068.png,3,1,1
7,03069.png,3,1,1
7,03070.png,2,5,3
7,03071.png,2,5,3
7,03072.png,2,4,1
7,03073.png,3,2,1
7,03074.png,2,2,1
7,03075.png,2,3,1
7,03076.png,3,1,1
7,03077.png,2,5,3
7,03078.png,1,3,1
7,03079.png,3,1,1
7,03080.png,1,3,1
7,03081.png,3,2,1
7,03082.png,1,4,1
7,03083.png,1,3,1
7,03084.png,3,2,1
7,03085.png,2,3,1
7,03086.png,2,4,1
7,03087.png,2,5,3
7,03088.png,3,1,1
7,03089.png,1,3,1
7,03090.png,2,4,1
7,03091.png,1,4,1
7,03092.png,3,1,1
7,03093.png,2,3,1
7,03094.png,3,1,1
7,03095.png,3,1,1
7,03096.png,3,2,1
7,03097.png,1,3,1
7,03098.png,2,5,2
7,03099.png,1,3,1
7,03100.png,1,2,1
7,03101.png,3,1,1
7,03102.png,2,5,3
7,03103.png,3,2,1
7,03104.png,3,2,1
7,03105.png,3,2,1
7,03106.png,3,2,1
7,03107.png,3,2,1
7,03108.png,3,1,1
7,03109.png,3,1,1
7,03110.png,0,0,0
7,03111.png,3,1,1
7,03112.png,2,3,1
7,03113.png,3,2,1
7,03114.png,3,1,1
